,city,latitude,longitude,max_temperature,cloudiness,wind_speed,humidity,country,date
0,Punta Arenas,-53.15,-70.9167,42.8,0,3.44,75,CL,1619326413
1,Praia,14.9215,-23.5087,69.8,75,12.66,73,CV,1619326413
2,Rikitea,-23.1203,-134.9692,78.66,100,12.82,76,PF,1619326414
3,Kuytun,54.3419,101.5036,43.41,97,8.7,55,RU,1619326414
4,Yining,29.0361,114.5636,61.52,100,3.71,91,CN,1619326414
5,Grand Island,40.925,-98.342,52.0,1,6.91,54,US,1619326415
6,Fengzhen,40.4394,113.1536,59.45,96,15.35,39,CN,1619326415
7,Esperance,-33.8667,121.9,80.6,29,11.5,29,AU,1619326416
8,Mlonggo,-6.5333,110.7,89.6,20,10.36,58,ID,1619326416
9,Amahai,-3.3333,128.9167,85.62,50,6.87,64,ID,1619326417
10,Charlestown,-32.95,151.6667,70.0,22,7.67,73,AU,1619326417
11,Sabha,27.0377,14.4283,62.02,0,13.67,56,LY,1619326417
12,Busselton,-33.65,115.3333,73.99,1,1.99,64,AU,1619326358
13,Bredasdorp,-34.5322,20.0403,48.2,100,1.14,93,ZA,1619326363
14,eMkhomazi,-30.2067,30.7978,66.99,51,1.01,87,ZA,1619326418
15,Puerto Ayora,-0.7393,-90.3518,75.16,92,6.53,89,EC,1619326338
16,Jumla,29.2747,82.1838,65.95,0,4.38,13,NP,1619326419
17,Vila do Maio,15.1333,-23.2167,69.8,75,12.66,73,CV,1619326419
18,Butaritari,3.0707,172.7902,83.34,79,8.81,73,KI,1619326419
19,Mataura,-46.1927,168.8643,45.0,38,10.0,80,NZ,1619326420
20,Linares,-35.85,-71.6,49.64,0,2.75,59,CL,1619326420
21,Andenes,69.3143,16.1194,33.8,90,3.44,80,NO,1619326421
22,Hohhot,40.8106,111.6522,57.2,40,8.95,47,CN,1619326421
23,Thompson,55.7435,-97.8558,24.8,75,3.44,54,CA,1619326422
24,Muzhi,65.3667,64.6667,39.4,92,11.23,78,RU,1619326422
25,Geraldton,-28.7667,114.6,86.0,91,11.5,30,AU,1619326423
26,Grand Gaube,-20.0064,57.6608,79.0,99,10.0,81,MU,1619326423
27,Zarubino,42.63,131.0922,53.35,4,5.55,38,RU,1619326423
28,Coquimbo,-29.9533,-71.3436,53.6,0,5.75,82,CL,1619326424
29,Kartaly,53.0522,60.6467,49.78,28,9.26,61,RU,1619326424
30,Shibata,37.95,139.3333,51.8,75,18.41,82,JP,1619326425
31,Castro,-24.7911,-50.0119,57.6,90,2.46,84,BR,1619326425
32,Vaini,-21.2,-175.2,82.4,20,5.75,78,TO,1619326426
33,Albany,42.6001,-73.9662,53.01,100,2.17,51,US,1619326146
34,Matara,5.9485,80.5353,87.24,41,2.71,63,LK,1619326426
35,Vestmannaeyjar,63.4427,-20.2734,44.42,100,21.16,92,IS,1619326426
36,Hermanus,-34.4187,19.2345,61.0,100,1.99,83,ZA,1619326427
37,Kholtoson,50.2981,103.3097,35.64,100,4.47,97,RU,1619326427
38,Kavaratti,10.5669,72.642,84.79,26,4.43,66,IN,1619326428
39,Puri,19.8,85.85,95.0,20,3.44,46,IN,1619326428
40,Barrow,71.2906,-156.7887,26.6,1,9.22,80,US,1619326428
41,Jamestown,42.097,-79.2353,48.2,90,5.75,53,US,1619326230
42,Houndé,11.5,-3.5167,81.73,14,10.83,59,BF,1619326429
43,Araure,9.5601,-69.2148,73.4,46,6.91,88,VE,1619326429
44,Aykhal,66.0,111.5,32.23,100,12.5,94,RU,1619326430
45,Hilo,19.7297,-155.09,73.4,90,7.4,78,US,1619326430
46,Neiafu,-18.65,-173.9833,82.4,40,3.44,74,TO,1619326430
47,Laredo,27.5064,-99.5075,80.6,1,6.91,18,US,1619326431
48,Ushuaia,-54.8,-68.3,44.6,0,6.91,70,AR,1619326431
49,San Matías,-16.3667,-58.4,72.39,98,4.18,93,BO,1619326432
50,Hithadhoo,-0.6,73.0833,83.46,18,5.39,67,MV,1619326432
51,Saint Paul Harbor,57.79,-152.4072,39.2,90,11.5,93,US,1619326433
52,Sabang,5.8933,95.3214,83.17,100,10.4,71,ID,1619326433
53,Klaksvík,62.2266,-6.589,39.2,99,4.7,93,FO,1619326433
54,Constitución,-35.3333,-72.4167,56.34,0,7.43,60,CL,1619326256
55,Ponta do Sol,32.6667,-17.1,59.0,93,5.99,88,PT,1619326434
56,Marsh Harbour,26.5412,-77.0636,76.3,97,14.12,85,BS,1619326434
57,Port Alfred,-33.5906,26.891,63.82,49,9.31,68,ZA,1619326375
58,Tanete,-3.9443,119.7848,93.56,7,6.53,44,ID,1619326435
59,Chui,-33.6971,-53.4616,63.52,96,12.44,85,UY,1619326435
60,Cape Town,-33.9258,18.4232,57.2,0,4.61,94,ZA,1619326177
61,East London,-33.0153,27.9116,59.0,0,8.05,72,ZA,1619326436
62,Tuatapere,-46.1333,167.6833,45.0,44,10.0,80,NZ,1619326436
63,Pisco,-13.7,-76.2167,66.2,0,0.92,82,PE,1619326437
64,Ust-Kuyga,70.0167,135.6,32.83,100,9.73,94,RU,1619326437
65,Longyearbyen,78.2186,15.6401,23.0,75,2.3,80,SJ,1619326438
66,Touba,8.2833,-7.6833,71.4,100,6.4,90,CI,1619326438
67,Esim,4.8699,-2.2405,78.44,100,10.09,82,GH,1619326439
68,Lompoc,34.6391,-120.4579,50.0,100,3.44,87,US,1619326439
69,Kapaa,22.0752,-159.319,75.2,40,14.97,73,US,1619326206
70,Limbang,4.75,115.0,87.01,75,12.66,79,MY,1619326439
71,Governador Valadares,-18.8511,-41.9494,67.66,0,0.36,91,BR,1619326440
72,Atuona,-9.8,-139.0333,80.31,39,13.98,77,PF,1619326440
73,Palmer,42.1584,-72.3287,53.6,1,4.61,43,US,1619326441
74,Kruisfontein,-34.0033,24.7314,60.78,20,5.84,61,ZA,1619326441
75,Sørland,67.667,12.6934,36.57,88,16.98,57,NO,1619326442
76,Whyalla,-33.0333,137.5833,69.8,0,11.5,52,AU,1619326442
77,Bengkulu,-3.8004,102.2655,84.47,57,6.96,66,ID,1619326442
78,Plymouth,41.8334,-70.8328,53.6,1,4.61,47,US,1619326443
79,Warrington,53.3925,-2.5802,41.0,6,9.22,87,GB,1619326443
80,Ha Giang,22.8333,104.9833,86.61,71,5.55,78,VN,1619326444
81,Ilulissat,69.2167,-51.1,46.4,0,28.77,42,GL,1619326444
82,Diffa,13.3154,12.6113,81.39,97,8.99,44,NE,1619326444
83,Norman Wells,65.282,-126.8329,39.2,40,3.44,38,CA,1619326445
84,Miranda,3.2499,-76.2281,69.8,75,4.61,83,CO,1619326446
85,Española,35.9911,-106.0806,57.0,1,8.05,21,US,1619326446
86,Yerbogachën,61.2767,108.0108,38.52,100,4.47,93,RU,1619326447
87,Banda Aceh,5.5577,95.3222,86.65,100,8.99,62,ID,1619326447
88,Parfino,57.9731,31.6481,32.79,100,9.04,80,RU,1619326447
89,Yellowknife,62.456,-114.3525,8.6,20,8.05,61,CA,1619326342
90,Ugoofaaru,5.6667,73.0,84.42,22,5.32,69,MV,1619326448
91,Khatanga,71.9667,102.5,20.7,100,18.79,91,RU,1619326449
92,Tasiilaq,65.6145,-37.6368,41.0,40,13.8,60,GL,1619326449
93,Abu Dhabi,24.4667,54.3667,82.4,0,3.44,47,AE,1619326338
94,Cayenne,4.9333,-52.3333,79.0,40,10.2,94,GF,1619326450
95,Cockburn Town,21.4612,-71.1419,78.46,7,20.74,75,TC,1619326450
96,Nishihara,26.1842,127.7558,77.0,75,17.27,57,JP,1619326450
97,Matagami,49.7502,-77.6328,24.8,90,8.05,86,CA,1619326451
98,Şabyā,17.1495,42.6254,86.0,20,9.22,48,SA,1619326451
99,Severo-Kuril'sk,50.6789,156.125,33.98,100,9.31,94,RU,1619326452
100,Mogadishu,2.0371,45.3438,84.2,75,5.75,65,SO,1619326452
101,Dumas,35.8656,-101.9732,55.99,1,19.57,54,US,1619326301
102,Rincon,32.296,-81.2354,64.4,90,5.75,100,US,1619326453
103,Turinskaya Sloboda,57.6232,64.3858,48.99,100,11.92,40,RU,1619326453
104,Shingū,33.7333,135.9833,71.6,40,19.57,46,JP,1619326453
105,Balikpapan,-1.2675,116.8289,83.91,75,6.76,71,ID,1619326454
106,Vao,-22.6667,167.4833,73.83,100,9.17,72,NC,1619326455
107,Souillac,-20.5167,57.5167,77.0,75,13.8,83,MU,1619326452
108,Anchorage,61.2181,-149.9003,55.4,1,5.75,40,US,1619326455
109,Rosário do Sul,-30.2583,-54.9142,62.11,91,9.33,97,BR,1619326456
110,Rosetta,31.4044,30.4164,57.2,0,4.61,94,EG,1619326456
111,Carnarvon,-24.8667,113.6333,86.0,2,8.05,39,AU,1619326456
112,Saint-Pierre,-21.3393,55.4781,80.6,0,26.46,69,RE,1619326457
113,Karratha,-20.7377,116.8463,88.95,0,17.78,24,AU,1619326457
114,Torbay,47.6666,-52.7314,37.0,1,12.66,100,CA,1619326458
115,San Patricio,28.017,-97.5169,78.8,1,10.36,53,US,1619326458
116,Lebu,-37.6167,-73.65,53.02,3,13.47,86,CL,1619326459
117,Batagay-Alyta,67.8006,130.4114,31.44,100,4.21,76,RU,1619326459
118,Maniitsoq,65.4167,-52.9,36.5,100,7.87,72,GL,1619326459
119,Båtsfjord,70.6345,29.7185,33.44,100,15.66,84,NO,1619326460
120,Portland,45.5234,-122.6762,50.0,99,1.99,83,US,1619326708
121,Mana,5.6592,-53.7767,77.25,100,9.89,87,GF,1619326460
122,Sackville,45.9188,-64.3846,39.0,56,1.14,75,CA,1619326461
123,Šiauliai,55.9333,23.3167,32.0,20,13.8,86,LT,1619326461
124,Shelburne,44.0787,-80.2041,51.8,75,6.08,61,CA,1619326462
125,Camacha,33.0833,-16.3333,60.8,40,13.8,94,PT,1619326462
126,Cherskiy,68.75,161.3,22.1,100,12.41,81,RU,1619326462
127,Airai,-8.9266,125.4092,71.83,50,3.6,54,TL,1619326463
128,Port Hardy,50.6996,-127.4199,48.2,90,5.75,93,CA,1619326353
129,Qasigiannguit,68.8193,-51.1922,46.4,0,28.77,42,GL,1619326463
130,Chokurdakh,70.6333,147.9167,15.73,6,9.22,84,RU,1619326464
131,Nikolskoye,59.7035,30.7861,37.0,75,8.95,87,RU,1619326464
132,Roald,62.5833,6.1333,33.8,90,4.61,93,NO,1619326465
133,Nanortalik,60.1432,-45.2371,39.22,99,12.1,76,GL,1619326465
134,Sistranda,63.7256,8.834,35.6,40,13.8,87,NO,1619326465
135,Saint-Philippe,-21.3585,55.7679,80.6,0,26.46,69,RE,1619326466
136,Ribeira Grande,38.5167,-28.7,58.86,51,16.22,77,PT,1619326466
137,Okha,53.5739,142.9478,32.23,27,15.52,63,RU,1619326467
138,Narsaq,60.9167,-46.05,51.8,90,34.52,32,GL,1619326467
139,Port Elizabeth,-33.918,25.5701,57.2,90,9.22,100,ZA,1619326468
140,Khor,47.8861,134.9464,46.74,100,12.26,22,RU,1619326468
141,Avarua,-21.2078,-159.775,80.6,90,12.66,78,CK,1619326468
142,Novopetrovskoye,55.9928,36.4719,35.6,75,17.9,80,RU,1619326469
143,Port Lincoln,-34.7333,135.8667,65.17,4,7.34,55,AU,1619326469
144,Paita,-5.0892,-81.1144,68.97,99,11.86,79,PE,1619326470
145,Adrar,20.5022,-10.0711,74.26,5,7.58,18,MR,1619326470
146,Vostok,46.4856,135.8833,37.17,94,13.09,43,RU,1619326470
147,Kahului,20.8947,-156.47,75.2,1,19.57,73,US,1619326471
148,Tuktoyaktuk,69.4541,-133.0374,19.4,20,10.36,93,CA,1619326471
149,Iqaluit,63.7506,-68.5145,32.0,90,4.61,93,CA,1619326471
150,Half Moon Bay,37.4636,-122.4286,55.99,90,6.91,87,US,1619326462
151,Malinovoye Ozero,51.6753,79.7825,51.82,74,6.67,25,RU,1619326472
152,Katsuura,35.1333,140.3,71.01,75,14.97,56,JP,1619326472
153,Hambantota,6.1241,81.1185,87.8,20,2.3,79,LK,1619326473
154,Stornoway,58.2093,-6.3865,37.4,100,1.14,87,GB,1619326473
155,Prince Rupert,54.3161,-130.3201,51.8,1,4.61,58,CA,1619326474
156,Lashio,22.9333,97.75,99.86,90,2.8,18,MM,1619326474
157,Richards Bay,-28.783,32.0377,67.41,46,8.03,87,ZA,1619326474
158,Saskylakh,71.9167,114.0833,33.69,97,11.72,94,RU,1619326475
159,Bluefield,37.2698,-81.2223,46.99,90,2.51,93,US,1619326475
160,Price,39.5994,-110.8107,50.0,20,4.61,29,US,1619326476
161,Broome,42.2506,-75.833,53.6,75,5.75,40,US,1619326476
162,Banyuwangi,-8.2325,114.3576,85.51,15,4.12,66,ID,1619326476
163,Bathsheba,13.2167,-59.5167,78.8,20,18.41,61,BB,1619326477
164,Churapcha,62.0025,132.4325,30.24,100,2.75,94,RU,1619326477
165,Dubbo,-32.25,148.6167,69.8,1,9.22,30,AU,1619326478
166,Meulaboh,4.1363,96.1285,85.24,76,3.51,61,ID,1619326478
167,Flinders,-34.5833,150.8552,69.01,26,5.01,69,AU,1619326466
168,Makakilo City,21.3469,-158.0858,80.6,20,10.36,54,US,1619326479
169,Mar del Plata,-38.0023,-57.5575,61.0,20,3.44,87,AR,1619326479
170,Hobart,-42.8794,147.3294,63.0,75,18.41,47,AU,1619326479
171,Beitbridge,-22.2167,30.0,67.01,0,5.55,36,ZW,1619326480
172,Sobolevo,54.4299,31.8996,34.29,20,11.72,75,RU,1619326480
173,Mnogovershinnyy,53.9353,139.9242,28.45,63,12.41,54,RU,1619326480
174,Yarim,14.298,44.3779,61.84,44,2.86,38,YE,1619326481
175,Namatanai,-3.6667,152.4333,83.77,64,8.57,71,PG,1619326481
176,Saldanha,-33.0117,17.9442,59.0,100,5.75,88,ZA,1619326482
177,Sungai Raya,0.7,108.9,88.18,40,7.74,61,ID,1619326482
178,Mulegé,26.8833,-111.9833,70.05,15,3.15,36,MX,1619326482
179,Laguna,38.421,-121.4238,55.99,40,9.22,71,US,1619326483
180,Macroom,51.9,-8.95,44.6,20,8.05,81,IE,1619326483
181,Codrington,-38.2667,141.9667,60.76,34,11.81,62,AU,1619326484
182,Mercedes,-34.6515,-59.4307,53.01,0,7.4,85,AR,1619326484
183,Muros,42.7762,-9.0603,55.0,98,1.99,95,ES,1619326485
184,Pochutla,15.7432,-96.4661,81.0,74,1.01,79,MX,1619326485
185,Upernavik,72.7868,-56.1549,22.59,9,7.99,78,GL,1619326485
186,Coos Bay,43.3665,-124.2179,48.2,90,6.91,93,US,1619326486
187,Wenling,28.3669,121.36,79.0,65,11.23,40,CN,1619326486
188,Chu,43.5983,73.7614,66.56,88,5.48,35,KZ,1619326486
189,Turbat,26.0023,63.044,90.39,7,1.28,35,PK,1619326487
190,Krasnogorodskoye,56.8357,28.2822,34.07,99,9.95,83,RU,1619326487
191,Tual,-5.6667,132.75,84.99,100,13.76,65,ID,1619326488
192,Clyde River,70.4692,-68.5914,12.2,90,6.91,92,CA,1619326488
193,Platteville,42.7342,-90.4785,41.0,1,9.22,75,US,1619326488
194,Narón,43.5167,-8.1528,57.0,20,2.3,100,ES,1619326489
195,Bambous Virieux,-20.3428,57.7575,80.01,75,13.8,83,MU,1619326489
196,Sandakan,5.8402,118.1179,89.6,40,5.75,70,MY,1619326490
197,Caravelas,-17.7125,-39.2481,73.0,0,4.76,90,BR,1619326490
198,Necochea,-38.5473,-58.7368,59.0,46,4.0,78,AR,1619326491
199,Poopó,-18.3667,-66.9667,38.41,0,2.3,33,BO,1619326491
200,Baijiantan,45.6333,85.1833,49.77,54,1.07,21,CN,1619326491
201,Gimli,50.6336,-96.9907,37.4,26,9.22,35,CA,1619326212
202,Lake City,30.1897,-82.6393,77.0,90,16.11,88,US,1619326492
203,Hukuntsi,-24.0,21.75,59.59,0,5.46,32,BW,1619326492
204,Guasdualito,7.2424,-70.7324,77.0,94,2.3,88,VE,1619326493
205,Mil'kovo,54.7167,158.6167,44.87,100,4.52,65,RU,1619326493
206,Smoky Lake,54.1169,-112.4686,33.8,52,2.3,32,CA,1619326493
207,Kiryat Gat,31.61,34.7642,64.99,4,4.68,100,IL,1619326382
208,Cidreira,-30.1811,-50.2056,67.71,94,8.32,89,BR,1619326494
209,Kumul,42.8,93.45,44.38,74,9.37,38,CN,1619326494
210,Gaoua,10.2992,-3.2508,76.19,44,6.67,71,BF,1619326495
211,Alamogordo,32.8995,-105.9603,69.01,1,11.5,17,US,1619326269
212,Tadine,-21.55,167.8833,76.33,100,11.45,71,NC,1619326495
213,Krasnosel'kup,65.7,82.4667,32.65,96,9.8,99,RU,1619326496
214,Nome,64.5011,-165.4064,42.8,1,5.17,56,US,1619326496
215,Lüderitz,-26.6481,15.1594,60.35,97,0.83,85,NA,1619326497
216,Los Llanos de Aridane,28.6585,-17.9182,66.2,75,11.5,52,ES,1619326497
217,Yulara,-25.2406,130.9889,77.0,0,18.41,22,AU,1619326497
218,Iralaya,15.0,-83.2333,78.04,8,9.89,79,HN,1619326498
219,Arraial do Cabo,-22.9661,-42.0278,71.89,8,8.43,84,BR,1619326217
220,Sitka,57.0531,-135.33,55.4,20,4.61,28,US,1619326498
221,Vallenar,-28.5708,-70.7581,57.74,0,0.69,79,CL,1619326499
222,Westport,41.1415,-73.3579,53.6,75,5.19,62,US,1619326499
223,Mehamn,71.0357,27.8492,32.16,100,13.42,72,NO,1619326499
224,Puerto Escondido,15.85,-97.0667,80.62,99,1.36,80,MX,1619326500
225,Fortuna,40.5982,-124.1573,52.0,90,8.05,71,US,1619326500
226,Waipawa,-41.4122,175.5153,60.8,38,13.8,55,NZ,1619326501
227,‘Āhuimanu,21.4447,-157.8378,78.8,75,10.36,69,US,1619326501
228,Esna,25.2934,32.554,69.8,0,2.3,28,EG,1619326502
229,La Tuque,47.4334,-72.7824,44.6,27,1.14,65,CA,1619326502
230,Neustadt an der Waldnaab,49.7117,12.0872,33.01,1,3.74,93,DE,1619326503
231,Ko Samui,9.5357,99.9357,89.6,20,11.5,66,TH,1619326503
232,Pangnirtung,66.1451,-65.7125,31.5,89,5.82,74,CA,1619326504
233,Leningradskiy,69.3833,178.4167,31.37,98,1.01,85,RU,1619326504
234,Mosetse,-20.75,26.65,60.89,3,8.57,37,BW,1619326505
235,Talakan,50.3167,130.3667,46.85,0,11.14,21,RU,1619326506
236,Lata,40.1629,-8.3327,60.01,86,3.6,91,PT,1619326506
237,Beringovskiy,63.05,179.3167,33.15,100,2.13,91,RU,1619326507
238,Busko-Zdrój,50.4708,20.7188,42.01,99,4.5,1,PL,1619326507
239,Pierre,44.3683,-100.351,41.0,20,16.11,45,US,1619326507
240,Tigil',57.8,158.6667,35.08,100,8.19,97,RU,1619326508
241,Ciudad Bolivar,8.1222,-63.5497,78.22,40,13.8,73,VE,1619326508
242,Kwinana,-32.25,115.7667,82.0,5,5.75,53,AU,1619326509
243,Dikson,73.5069,80.5464,13.98,45,10.29,88,RU,1619326509
244,Rognan,67.0953,15.3878,33.01,84,3.04,76,NO,1619326510
245,Christchurch,-43.5333,172.6333,66.2,80,5.75,37,NZ,1619326507
246,Isangel,-19.55,169.2667,79.99,99,10.87,71,VU,1619326510
247,Ponta Grossa,-25.095,-50.1619,55.94,96,1.86,91,BR,1619326511
248,Bluff,-46.6,168.3333,45.0,87,10.0,80,NZ,1619326511
249,Hong Kong,22.2855,114.1577,82.4,40,10.36,69,HK,1619326309
250,Ancud,-41.8697,-73.8203,54.0,90,4.61,100,CL,1619326512
251,Porto-Vecchio,41.591,9.2795,50.0,0,4.14,93,FR,1619326512
252,Xingyi,24.1877,102.817,85.95,7,13.06,19,CN,1619326513
253,Mount Isa,-20.7333,139.5,89.6,40,12.66,27,AU,1619326513
254,Bönen,51.6,7.7667,37.99,90,2.3,75,DE,1619326513
255,Lavrentiya,65.5833,-171.0,32.04,80,2.35,88,RU,1619326514
256,New Norfolk,-42.7826,147.0587,63.0,98,4.0,76,AU,1619326514
257,Okato,-39.2,173.8833,57.0,24,10.0,70,NZ,1619326515
258,Iquique,-20.2208,-70.1431,64.4,0,4.61,59,CL,1619326438
259,Semnan,35.5729,53.3971,74.5,54,3.87,30,IR,1619326515
260,Balod,20.73,81.2047,102.38,1,3.78,10,IN,1619326516
261,Minna,9.6139,6.5569,75.33,99,4.68,73,NG,1619326516
262,Provideniya,64.3833,-173.3,38.41,100,3.0,78,RU,1619326517
263,Ustka,54.5805,16.8619,39.52,6,10.89,62,PL,1619326517
264,Athabasca,54.7169,-113.2854,28.4,72,3.44,54,CA,1619326517
265,Kavieng,-2.5744,150.7967,85.15,21,10.56,69,PG,1619326518
266,Kamenka,51.3223,42.7678,39.0,7,4.0,75,RU,1619326518
267,Dunedin,-45.8742,170.5036,51.01,38,17.0,58,NZ,1619326519
268,Selikhino,50.3672,137.4996,42.19,89,12.35,27,RU,1619326519
269,Kieta,-6.2167,155.6333,84.0,97,5.73,67,PG,1619326520
270,Berlevåg,70.8578,29.0864,33.67,100,19.86,77,NO,1619326362
271,Hermosillo,29.0667,-110.9667,79.0,20,3.44,15,MX,1619326337
272,Boyabat,41.4689,34.7667,51.37,99,4.45,77,TR,1619326521
273,Hasaki,35.7333,140.8333,75.0,75,12.66,46,JP,1619326521
274,Santa Maria,-29.6842,-53.8069,63.84,99,4.29,98,BR,1619326521
275,Qaanaaq,77.484,-69.3632,21.52,56,8.19,69,GL,1619326522
276,Atbasar,51.8,68.3333,49.17,87,16.6,40,KZ,1619326522
277,Auki,-8.7676,160.7034,82.67,64,4.27,79,SB,1619326523
278,São Filipe,14.8961,-24.4956,71.28,17,6.49,72,CV,1619326523
279,Gushikawa,26.3544,127.8686,77.0,75,14.97,53,JP,1619326523
280,Yangi Marg`ilon,40.4272,71.7189,68.0,6,2.3,30,UZ,1619326524
281,Akdağmadeni,39.6603,35.8836,53.55,91,3.24,63,TR,1619326524
282,Caucaia,-3.7361,-38.6531,82.0,20,4.61,89,BR,1619326394
283,Unaí,-16.3575,-46.9061,71.44,27,2.35,60,BR,1619326273
284,Tazovsky,67.4667,78.7,21.11,79,5.99,86,RU,1619326525
285,Kununurra,-15.7667,128.7333,89.6,100,12.66,20,AU,1619326388
286,Antalaha,-14.9003,50.2788,73.92,100,4.45,96,MG,1619326526
287,Alyangula,-13.8483,136.4192,78.8,75,2.3,100,AU,1619326526
288,Thinadhoo,0.5333,72.9333,83.05,5,4.32,66,MV,1619326527
289,Ola,59.5833,151.2833,28.56,99,12.08,56,RU,1619326527
290,Salinópolis,-0.6136,-47.3561,78.21,100,4.65,85,BR,1619326528
291,Katete,-0.7818,29.7544,62.51,100,1.66,96,UG,1619326528
292,Pevek,69.7008,170.3133,27.45,100,4.72,93,RU,1619326528
293,Sioux Lookout,50.1001,-91.917,23.0,1,3.83,74,CA,1619326529
294,Senneterre,48.3835,-77.2328,39.2,90,11.5,70,CA,1619326529
295,Saint George,37.1041,-113.5841,73.4,1,14.97,16,US,1619326261
296,Senno,59.5336,33.9167,34.0,100,1.01,92,RU,1619326530
297,Carutapera,-1.195,-46.02,76.32,100,3.96,90,BR,1619326395
298,Reitz,-27.8014,28.4273,44.69,0,3.58,54,ZA,1619326530
299,Bethel,41.3712,-73.414,57.2,90,2.89,44,US,1619326531
300,Faanui,-16.4833,-151.75,80.24,100,5.28,68,PF,1619326531
301,Eyl,7.9803,49.8164,84.96,43,8.14,67,SO,1619326532
302,Buala,-8.145,159.5921,83.98,55,1.83,73,SB,1619326532
303,Verkhnyaya Toyma,62.2349,44.9985,43.52,91,7.74,87,RU,1619326532
304,Nhulunbuy,-12.2333,136.7667,80.6,40,4.61,89,AU,1619326533
305,Chifeng,42.2683,118.9636,60.46,99,6.26,17,CN,1619326533
306,Njinikom,6.2333,10.2833,63.7,100,4.34,86,CM,1619326534
307,Aquiraz,-3.9014,-38.3911,80.01,20,4.61,89,BR,1619326534
308,Altea,38.5989,-0.0514,57.0,100,10.0,96,ES,1619326535
309,São João da Barra,-21.6403,-41.0511,69.35,11,4.43,90,BR,1619326535
310,Hammerfest,70.6634,23.6821,30.2,88,6.91,64,NO,1619326535
311,Nelson Bay,-32.7167,152.15,69.8,14,14.97,64,AU,1619326536
312,Sorong,-0.8833,131.25,84.49,31,9.37,72,ID,1619326536
313,Allāpalli,19.4167,80.0667,100.71,2,5.79,26,IN,1619326536
314,Lyskovo,56.0328,45.0422,37.36,98,16.37,92,RU,1619326495
315,Sur,22.5667,59.5289,90.95,0,2.95,33,OM,1619326537
316,Tongliao,43.6125,122.2653,64.09,42,2.15,15,CN,1619326538
317,Sumbe,-11.2061,13.8437,77.52,97,4.41,89,AO,1619326538
318,Haimen,23.1935,116.6142,69.8,90,8.95,94,CN,1619326538
319,Touros,-5.1989,-35.4608,73.4,20,3.44,94,BR,1619326539
320,Sørkjosen,69.8,20.9333,26.53,79,1.14,78,NO,1619326539
321,Paamiut,61.994,-49.6678,37.8,100,5.12,80,GL,1619326540
322,Mucuri,-18.0864,-39.5508,73.53,5,6.24,90,BR,1619326540
323,Pitimbu,-7.4706,-34.8086,73.4,0,4.61,100,BR,1619326540
324,Synya,65.3718,58.0387,48.51,100,6.91,61,RU,1619326541
325,Lerwick,60.1545,-1.1494,41.0,0,3.44,75,GB,1619326541
326,Bangui,4.3612,18.555,77.0,20,1.68,88,CF,1619326542
327,Deputatsky,69.3,139.9,22.75,100,13.27,82,RU,1619326542
328,Takoradze,4.8845,-1.7554,76.1,100,18.43,84,GH,1619326542
329,Abhar,36.1468,49.218,64.51,5,4.99,47,IR,1619326543
330,Moses Lake,47.1301,-119.2781,53.6,1,2.71,58,US,1619326543
331,Konitsa,40.0486,20.7567,44.6,53,2.3,93,GR,1619326544
332,Toamasina,-18.1667,49.3833,73.4,40,5.75,94,MG,1619326544
333,Biak,-0.9131,122.8766,83.79,69,5.73,65,ID,1619326544
334,Polunochnoye,60.8697,60.4153,44.62,100,10.85,59,RU,1619326545
335,Chapais,49.7834,-74.8492,28.4,75,3.44,80,CA,1619326545
336,Paka,4.6374,103.4368,89.6,40,6.91,70,MY,1619326545
337,Mikumi,-7.4041,36.9831,69.78,100,3.83,98,TZ,1619326546
338,Taree,-31.9,152.4667,69.8,16,9.22,52,AU,1619326546
339,Sopot,54.4418,18.56,39.99,0,3.44,86,PL,1619326547
340,San Jose,37.3394,-121.895,57.99,90,6.91,54,US,1619326540
341,Charyshskoye,51.3978,83.5598,44.67,24,0.31,44,RU,1619326547
342,Vilhena,-12.7406,-60.1458,69.28,71,2.35,97,BR,1619326548
343,Barra de Tecoanapa,16.5167,-98.75,79.52,81,4.05,78,MX,1619326548
344,Edson,53.5835,-116.4356,35.6,1,6.91,38,CA,1619326549
345,Baruun-Urt,46.6806,113.2792,65.98,100,16.31,28,MN,1619326529
346,Grindavik,63.8424,-22.4338,42.8,90,16.11,100,IS,1619326549
347,Goma,-1.6792,29.2228,64.67,100,2.06,88,CD,1619326550
348,Cap Malheureux,-19.9842,57.6142,80.01,100,10.0,80,MU,1619326550
349,Zomin,39.9606,68.3958,73.6,7,4.07,28,UZ,1619326550
350,Talaya,61.3833,152.75,16.52,100,9.53,70,RU,1619326551
351,Ruwi,23.5996,58.5507,91.4,0,3.44,46,OM,1619326551
352,Sora,41.7157,13.6141,46.0,42,4.47,81,IT,1619326552
353,Vredendal,-31.6683,18.5012,66.34,96,2.66,54,ZA,1619326552
354,Tiksi,71.6872,128.8694,32.88,99,10.31,91,RU,1619326552
355,Dzaoudzi,-12.7887,45.2699,84.2,75,13.8,79,YT,1619326553
356,Viedma,-40.8135,-62.9967,53.06,37,3.87,80,AR,1619326553
357,Porosozero,62.7191,32.727,35.13,100,8.7,96,RU,1619326554
358,Alugan,12.2188,125.4808,80.53,36,9.6,81,PH,1619326554
359,Husavik,66.0449,-17.3389,44.6,0,8.05,70,IS,1619326555
360,Zhezkazgan,47.8043,67.7144,52.0,62,4.45,30,KZ,1619326555
361,Vila Franca do Campo,37.7167,-25.4333,59.0,20,19.57,72,PT,1619326555
362,Sakaraha,-22.9,44.5333,71.33,0,3.89,67,MG,1619326556
363,Kisaran,2.9845,99.6158,90.61,72,1.54,53,ID,1619326556
364,Russell,32.3502,-85.1999,64.4,75,9.78,94,US,1619326557
365,Haines Junction,60.7522,-137.5108,48.2,45,3.44,34,CA,1619326557
366,Qaqortoq,60.7167,-46.0333,51.8,90,34.52,32,GL,1619326558
367,Kutum,14.2,24.6667,76.71,75,12.73,15,SD,1619326558
368,Kaputa,-8.4689,29.6619,67.21,73,0.98,90,ZM,1619326558
369,Katobu,-4.9408,122.5276,89.37,45,5.06,52,ID,1619326559
370,Trairi,-3.2778,-39.2689,75.45,72,5.7,92,BR,1619326559
371,Sung Noen,14.8992,101.8207,91.99,100,2.53,62,TH,1619326559
372,Yakeshi,49.2833,120.7333,56.57,74,2.35,22,CN,1619326560
373,Linjiang,41.8069,126.9078,62.76,0,8.28,15,CN,1619326560
374,Sayyan,15.1718,44.3244,64.63,18,5.1,32,YE,1619326561
375,Kankaanpää,61.8,22.4167,35.01,90,10.36,86,FI,1619326561
376,Muslyumovo,55.3033,53.1947,43.65,97,16.22,76,RU,1619326562
377,Lagoa,39.05,-27.9833,59.36,76,21.72,71,PT,1619326562
378,Coahuayana Viejo,18.7333,-103.6833,71.42,87,3.04,89,MX,1619326562
379,Longonjo,-12.9067,15.2533,59.97,100,2.73,78,AO,1619326563
380,Imbituva,-25.23,-50.6044,56.61,99,1.23,92,BR,1619326563
381,Zavyalovo,54.5053,82.4484,51.8,0,6.71,30,RU,1619326563
382,Vuktyl,63.8567,57.3094,45.28,100,13.85,71,RU,1619326564
383,El Tigre,8.8875,-64.2454,75.99,27,14.97,71,VE,1619326564
384,Mandalgovi,45.7625,106.2708,47.52,100,17.34,55,MN,1619326565
385,Kimbe,-5.5502,150.1429,85.1,60,5.39,71,PG,1619326565
386,Coihueco,-36.6167,-71.8333,50.0,0,3.44,81,CL,1619326565
387,Padang,-0.9492,100.3543,87.8,20,5.75,66,ID,1619326403
388,Bull Savanna,17.8868,-77.5902,72.86,29,7.52,84,JM,1619326566
389,Bac Lieu,9.285,105.7244,90.63,36,10.07,53,VN,1619326567
390,La Unión,-5.4,-80.75,71.08,96,12.91,70,PE,1619326545
391,Vizinga,61.0749,50.1031,41.27,100,10.56,92,RU,1619326567
392,Hamilton,39.1834,-84.5333,50.0,90,3.74,100,US,1619326539
393,Hobyo,5.3505,48.5268,85.35,31,8.01,61,SO,1619326568
394,Talnakh,69.4865,88.3972,15.35,99,13.02,83,RU,1619326568
395,George Town,5.4112,100.3354,89.6,40,2.3,70,MY,1619326548
396,Koumac,-20.5667,164.2833,77.97,97,8.63,80,NC,1619326569
397,Fes,34.0372,-4.9998,57.2,75,5.75,100,MA,1619326569
398,Kaitangata,-46.2817,169.8464,45.0,28,8.99,68,NZ,1619326570
399,Listvyanka,51.8535,104.8693,39.2,0,6.71,70,RU,1619326570
400,Vardø,70.3705,31.1107,35.19,100,22.66,72,NO,1619326571
401,Mitsamiouli,-11.3847,43.2844,81.77,100,5.35,71,KM,1619326571
402,Usinsk,65.9939,57.5281,43.43,100,8.32,75,RU,1619326572
403,Yako,12.9667,-2.2667,84.78,4,14.18,45,BF,1619326572
404,Ahipara,-35.1667,173.1667,61.88,76,7.92,65,NZ,1619326572
405,Natal,-5.795,-35.2094,75.2,20,4.61,94,BR,1619326573
406,Kaka,37.3482,59.6143,80.62,14,8.95,22,TM,1619326573
407,Lorengau,-2.0226,147.2712,82.72,34,3.51,75,PG,1619326573
408,Cabo San Lucas,22.8909,-109.9124,69.8,1,10.16,26,MX,1619326574
409,Napa,38.4832,-122.3344,54.0,100,3.89,44,US,1619326226
410,Ostrovnoy,68.0531,39.5131,34.95,100,7.0,99,RU,1619326574
411,Moussoro,13.6408,16.4901,80.44,50,8.66,49,TD,1619326574
412,Kunya,12.2233,8.5325,76.77,99,8.39,56,NG,1619326575
413,Rehoboth,-23.3167,17.0833,59.09,1,3.56,40,NA,1619326575
414,Wuwei,37.9281,102.6414,56.39,100,7.92,38,CN,1619326576
415,Kirovskiy,45.0917,133.5136,49.42,31,16.42,22,RU,1619326576
416,Harper,4.375,-7.7169,79.34,100,6.71,86,LR,1619326576
417,Nemuro,43.3236,145.575,41.0,75,12.66,60,JP,1619326577
418,Dzhebariki-Khaya,62.2167,135.8,29.25,100,1.63,79,RU,1619326577
419,Kemijärvi,66.7131,27.4306,30.92,100,14.16,83,FI,1619326578
420,Lethem,3.3803,-59.7968,74.08,100,11.32,92,GY,1619326578
421,Onguday,50.75,86.15,38.98,77,3.15,44,RU,1619326578
422,Yabrūd,33.9674,36.6574,64.4,0,9.22,52,SY,1619326579
423,Wanning,18.8003,110.3967,86.92,39,11.65,66,CN,1619326579
424,Rawson,-43.3002,-65.1023,54.88,0,10.98,64,AR,1619326532
425,Chengzhong,30.95,113.55,64.4,40,8.95,77,CN,1619326580
426,Noumea,-22.2763,166.4572,82.0,90,3.44,83,NC,1619326565
427,Iseyin,7.9667,3.6,74.64,100,7.65,94,NG,1619326544
428,Klamath Falls,42.2249,-121.7817,39.99,90,3.42,87,US,1619326581
429,Torres,-29.3353,-49.7269,67.44,95,2.28,87,BR,1619326581
430,Swindon,51.558,-1.7812,37.4,1,11.5,93,GB,1619326582
431,Ucluelet,48.9329,-125.5528,46.99,100,6.17,88,CA,1619326439
432,Hearst,49.6835,-83.6665,21.2,100,10.36,86,CA,1619326582
433,Oyama,36.3,139.8,73.99,75,9.22,37,JP,1619326583
434,Gobabis,-22.45,18.9667,57.34,3,8.9,32,NA,1619326583
435,Woodland,38.6785,-121.7733,57.2,20,11.5,67,US,1619326358
436,Iberia,29.9502,-91.7507,69.8,1,6.91,77,US,1619326583
437,Qinhuangdao,39.9317,119.5883,62.53,100,9.46,25,CN,1619326584
438,Puerto Quijarro,-17.7833,-57.7667,71.37,100,4.43,98,BO,1619326585
439,Makokou,0.5738,12.8642,66.16,95,0.51,96,GA,1619326585
440,Walvis Bay,-22.9575,14.5053,60.01,39,6.91,94,NA,1619326585
441,Bereda,43.2686,-7.5406,52.0,100,5.01,100,ES,1619326586
442,Aklavik,68.2191,-135.0107,33.8,33,8.05,69,CA,1619326586
443,Salinas,36.6777,-121.6555,55.4,1,8.05,71,US,1619326429
444,Dukat,62.55,155.55,12.63,100,6.6,78,RU,1619326587
445,Arlit,18.7369,7.3853,85.6,62,8.08,12,NE,1619326587
446,Manado,1.487,124.8455,91.4,20,8.05,58,ID,1619326587
447,Tete,-16.1564,33.5867,69.8,20,4.61,88,MZ,1619326588
448,Prado,-17.3411,-39.2208,73.6,0,5.95,89,BR,1619326588
449,Zemio,5.0314,25.1361,70.2,100,2.01,96,CF,1619326589
450,Te Anau,-45.4167,167.7167,44.15,18,5.88,72,NZ,1619326589
451,Zhangjiakou,40.81,114.8794,65.3,100,10.96,36,CN,1619326589
452,Oloron-Sainte-Marie,43.1944,-0.6107,59.0,90,1.14,72,FR,1619326590
453,Vicuña,-30.0319,-70.7081,53.6,0,5.75,82,CL,1619326590
454,Jiayuguan City,39.8167,98.3,60.26,34,39.8,17,CN,1619326591
455,Manaus,-3.1019,-60.025,80.6,0,3.44,83,BR,1619326182
456,San Quintín,30.4833,-115.95,57.47,4,12.39,88,MX,1619326592
457,Sampit,-2.5333,112.95,92.62,73,1.45,48,ID,1619326593
458,Katangli,51.7102,143.2326,35.22,67,12.21,62,RU,1619326593
459,Kāvali,14.9167,79.9833,93.06,89,11.34,47,IN,1619326593
460,Ilhabela,-23.7781,-45.3581,69.01,31,3.02,87,BR,1619326594
461,Uarini,-2.99,-65.1083,73.22,96,1.52,98,BR,1619326594
462,Jiaocheng,24.6774,116.1389,68.86,100,0.89,90,CN,1619326595
463,Sinnamary,5.3833,-52.95,77.81,100,10.2,86,GF,1619326595
464,Volnovakha,47.601,37.4967,50.0,20,5.12,100,UA,1619326596
465,Sept-Îles,50.2001,-66.3821,37.0,20,5.75,86,CA,1619326517
466,Mumbwa,-14.9783,27.0619,63.41,81,4.88,68,ZM,1619326596
467,Chokwé,-24.5333,32.9833,65.86,5,2.24,87,MZ,1619326597
468,Angoram,-4.0625,144.0661,77.52,100,1.25,94,PG,1619326597
469,Lalgudi,10.8667,78.8333,91.4,40,5.75,58,IN,1619326597
470,Sambava,-14.2667,50.1667,76.08,98,10.6,91,MG,1619326457
471,Yārāda,17.65,83.2667,93.2,20,6.91,55,IN,1619326598
472,Kloulklubed,7.0419,134.2556,89.6,75,17.27,66,PW,1619326598
473,Henties Bay,-22.116,14.2845,60.01,1,1.01,95,NA,1619326599
474,Kismayo,-0.3582,42.5454,84.07,77,8.81,70,SO,1619326599
475,Wangaratta,-36.3667,146.3333,66.99,0,11.5,42,AU,1619326600
476,Olafsvik,64.8945,-23.7142,41.58,100,14.92,95,IS,1619326600
477,Northam,51.0333,-4.2167,43.0,0,7.0,77,GB,1619326600
478,Villarrica,-25.75,-56.4333,63.84,100,1.97,98,PY,1619326601
479,Jalu,29.0331,21.5482,60.21,5,16.35,80,LY,1619326601
480,Khovd,48.0056,91.6419,34.65,94,1.43,20,MN,1619326601
481,Kenai,60.5544,-151.2583,53.6,1,4.61,35,US,1619326602
482,Domoni,-12.2569,44.5319,81.34,94,6.78,77,KM,1619326602
483,Kudahuvadhoo,2.6708,72.8944,83.44,13,7.72,67,MV,1619326603
484,Longyan,25.1072,117.0225,65.73,100,1.97,91,CN,1619326603
485,Hare Bay,48.8499,-54.0148,33.8,14,4.61,93,CA,1619326604
486,Beeville,28.4008,-97.7483,72.0,1,5.75,64,US,1619326604
487,Braço do Norte,-28.275,-49.1656,65.59,95,1.19,88,BR,1619326605
488,Havelock,34.8791,-76.9013,66.99,100,1.01,90,US,1619326560
489,Veranópolis,-28.9361,-51.5494,62.01,100,2.04,96,BR,1619326605
490,Sunrise Manor,36.2111,-115.0731,77.0,1,24.16,15,US,1619326606
491,Saint-François,46.4154,3.9054,45.0,0,2.3,93,FR,1619326606
492,Tautira,-17.7333,-149.15,77.0,75,4.61,83,PF,1619326607
493,Rocha,-34.4833,-54.3333,58.24,77,8.41,85,UY,1619326607
494,Cascais,38.6979,-9.4215,60.01,19,12.44,84,PT,1619326608
495,Sarangani,5.4033,125.4636,84.42,74,16.84,74,PH,1619326608
496,Alboraya,39.5,-0.35,55.99,20,5.75,88,ES,1619326609
497,Cody,44.5263,-109.0565,48.2,90,3.44,49,US,1619326344
498,Žamberk,50.086,16.4674,39.0,38,2.46,87,CZ,1619326609
499,Aden,12.7794,45.0367,82.87,6,16.62,79,YE,1619326606
500,Fenelon Falls,44.5334,-78.7496,48.2,72,2.3,76,CA,1619326610
501,Salalah,17.0151,54.0924,84.2,75,1.14,74,OM,1619326610
502,São Félix do Xingu,-6.6447,-51.995,71.85,95,0.45,98,BR,1619326371
503,College,64.8569,-147.8028,62.6,1,3.33,21,US,1619326327
504,Coyhaique,-45.5752,-72.0662,45.88,100,5.73,95,CL,1619326611
505,Mountain Home,43.133,-115.6912,50.0,40,2.21,57,US,1619326611
506,Kasempa,-13.4584,25.8338,61.09,82,4.68,88,ZM,1619326612
507,Srednekolymsk,67.45,153.6833,21.24,100,7.96,79,RU,1619326612
508,Anzio,41.4853,12.6179,52.0,0,4.59,87,IT,1619326612
509,Hanzhong,33.0728,107.0303,54.82,100,2.48,90,CN,1619326613
510,Guarapari,-20.6667,-40.4975,73.4,75,3.44,88,BR,1619326613
511,Banes,20.9625,-75.7186,75.2,1,9.22,94,CU,1619326613
512,Laas,46.6166,10.7002,46.0,0,3.44,81,IT,1619326614
513,Coronado,32.6859,-117.1831,59.0,75,6.91,77,US,1619326614
514,Hundorp,61.5552,9.9407,20.03,26,4.76,89,NO,1619326615
515,Mombetsu,44.3525,143.3525,33.8,75,8.05,93,JP,1619326615
516,Matamoros,25.5333,-103.25,67.66,21,0.96,9,MX,1619326411
517,Kormilovka,55.0026,74.1028,53.6,0,15.66,19,RU,1619326616
518,Lupiro,-8.3833,36.6667,71.17,100,2.73,97,TZ,1619326616
519,Honningsvåg,70.9821,25.9704,32.27,100,12.37,57,NO,1619326616
520,Bukene,-4.2333,32.8833,67.64,100,4.16,84,TZ,1619326617
521,Novo Aripuanã,-5.1206,-60.3797,73.76,33,1.05,97,BR,1619326617
522,Comodoro Rivadavia,-45.8667,-67.5,50.0,0,3.44,81,AR,1619326618
523,Bariloche,-41.1456,-71.3082,46.99,0,3.44,81,AR,1619326535
524,Champasak,14.75,106.0,93.2,40,4.61,55,LA,1619326618
525,Ziro,27.6333,93.8333,91.4,20,9.22,43,IN,1619326619
526,Taylorville,39.5489,-89.2945,51.01,67,1.01,87,US,1619326487
527,Turukhansk,65.8167,87.9833,32.74,98,11.16,98,RU,1619326619
528,Quatre Cocos,-20.2078,57.7625,80.01,75,13.8,83,MU,1619326620
529,Yeppoon,-23.1333,150.7333,82.4,51,9.22,36,AU,1619326620
530,Saint Stephen,50.3333,-4.9,46.4,4,6.91,61,GB,1619326620
531,Samarai,-10.6167,150.6667,84.34,40,16.4,73,PG,1619326621
532,Tynda,55.1667,124.7167,44.26,100,6.44,54,RU,1619326621
533,Newport,51.5877,-2.9984,42.01,6,14.97,83,GB,1619326622
534,Pacific Grove,36.6177,-121.9166,54.0,100,2.1,87,US,1619326425
535,Ruteng,-8.6136,120.4721,72.34,36,0.4,70,ID,1619326623
536,Mahébourg,-20.4081,57.7,77.0,75,13.8,83,MU,1619326623
537,São Lourenço da Mata,-8.0022,-35.0183,73.4,40,2.3,88,BR,1619326624
538,Kindu,-2.95,25.95,69.8,100,1.25,99,CD,1619326624
539,Fernley,39.608,-119.2518,54.0,97,5.99,30,US,1619326502
540,Verkhnyaya Inta,65.9811,60.3094,45.81,100,17.67,65,RU,1619326550
541,Taltal,-25.4,-70.4833,61.88,1,3.6,81,CL,1619326625
542,Tura,25.5198,90.2201,96.24,1,6.44,17,IN,1619326625
543,Aksu,41.1231,80.2644,63.97,80,5.03,21,CN,1619326625
544,Bandarbeyla,9.4942,50.8122,84.36,43,7.7,68,SO,1619326626
545,Salym,60.0625,71.4789,48.27,100,5.61,50,RU,1619326626
546,Port Macquarie,-31.4333,152.9167,72.0,2,1.99,62,AU,1619326627
547,Kushiro,42.975,144.3747,41.0,75,10.36,65,JP,1619326627
548,Takāb,36.4009,47.1133,63.37,24,2.95,15,IR,1619326448
549,Obama,35.4958,135.746,68.0,33,5.01,41,JP,1619326628
550,Avera,33.194,-82.5271,63.0,90,6.91,98,US,1619326628
551,Villazón,-22.0866,-65.5942,39.38,23,5.79,80,BO,1619326629
552,Mankono,8.0586,-6.1897,72.86,97,4.79,92,CI,1619326629
553,Naze,28.3667,129.4833,77.0,75,19.57,57,JP,1619326629
554,Nioro,13.35,-15.75,72.28,9,7.76,44,GM,1619326630
555,Petropavlovsk-Kamchatskiy,53.0452,158.6483,41.0,75,2.24,70,RU,1619326630
556,Dalmatovo,56.26,62.9362,50.72,96,10.02,44,RU,1619326630
557,Östersund,63.1792,14.6357,28.99,90,11.5,74,SE,1619326631
558,Springdale,36.1867,-94.1288,50.0,1,2.21,87,US,1619326631
559,Kamaishi,39.2667,141.8833,57.2,40,11.5,54,JP,1619326632
560,Dingle,10.9995,122.6711,89.42,75,6.98,54,PH,1619326444
561,São Desidério,-12.3633,-44.9733,69.8,67,2.46,94,BR,1619326632
562,Kichera,55.9375,110.0997,41.74,100,3.02,84,RU,1619326633
563,Ambilobe,-13.2,49.05,78.12,82,3.22,78,MG,1619326633
564,Juegang,32.3174,121.1855,64.17,100,10.69,80,CN,1619326633
565,Rapid Valley,44.0625,-103.1463,46.4,75,13.8,65,US,1619326634
566,Guerrero Negro,27.9769,-114.0611,58.44,4,14.43,86,MX,1619326634
567,Xingcheng,40.6167,120.7167,60.22,100,11.39,28,CN,1619326635
568,Ocós,14.5094,-92.1933,77.0,40,1.63,100,GT,1619326635
569,Gaza,31.5,34.4667,66.0,2,6.11,100,PS,1619326636
570,Doka,13.5167,35.7667,87.75,60,10.87,38,SD,1619326636
571,Altay,47.8667,88.1167,35.58,28,2.89,41,CN,1619326636
572,Poum,-20.2333,164.0167,77.92,98,7.54,78,NC,1619326637
573,Pasni,25.2631,63.471,82.13,0,3.58,67,PK,1619326637
574,San Cristobal,7.7669,-72.225,78.8,40,4.61,94,VE,1619326638
575,Dhidhdhoo,6.8833,73.1,84.33,62,4.07,68,MV,1619326638
576,Verkh-Usugli,52.7,115.1667,57.99,100,12.64,15,RU,1619326638
577,Birao,10.2849,22.7882,78.42,78,3.91,57,CF,1619326639
578,San Miguel de Cozumel,20.5083,-86.9458,78.8,40,8.05,83,MX,1619326639
579,Sawtell,-30.3833,153.1,71.6,3,10.36,64,AU,1619326640
580,Portlethen,57.0547,-2.1307,32.0,100,1.14,100,GB,1619326640
581,Balkhash,46.844,74.9804,48.2,0,29.08,34,KZ,1619326641
582,Boyolangu,-8.1181,111.8935,85.26,12,6.67,64,ID,1619326641
583,Manjakandriana,-18.9167,47.8,64.4,75,5.75,82,MG,1619326642
